idPotManip;idManip;idGenotype;positionPot;bloc;poidsPotNonTroue;poidsPotTroue;poidsSolSec;dateSemis;nbPlante;substrat;humiditeNiveau1;humiditeNiveau2;humiditeNiveau3;humiditeNiveau4;humiditeNiveau5;typePot;Grille
C2M47-1;C2M47;0;P1_A1;1;15.177;15.296;0;25/01/2019;1;Phenoarch;0;1;0;0;0;u;NON
C2M47-2;C2M47;0;P1_A7;1;15.545;15.373;0;01/02/2019;1;Phenoarch;0;1;0;0;0;u;NON
C2M47-3;C2M47;0;P1_A13;1;14.793;15.327;0;01/02/2019;1;Phenoarch;0;1;0;0;0;u;NON
C2M47-4;C2M47;0;P1_A19;1;14.546;15.373;0;01/02/2019;1;Phenoarch;0;1;0;0;0;u;NON
C2M47-5;C2M47;0;P1_A25;1;15.105;15.71;0;01/02/2019;1;Phenoarch;0;1;0;0;0;u;NON
C2M47-6;C2M47;0;P1_A31;1;15.285;15.659;0;25/01/2019;1;Phenoarch;0;1;0;0;0;u;NON
C2M47-7;C2M47;0;P8_A1;1;15.699;14.989;0;18/01/2019;1;Phenoarch;0;1;0;0;0;u;NON
C2M47-8;C2M47;0;P8_A7;1;15.097;14.962;0;01/02/2019;1;Phenoarch;0;1;0;0;0;u;NON
C2M47-9;C2M47;0;P8_A13;1;15.495;15.127;0;18/01/2019;1;Phenoarch;0;1;0;0;0;u;NON
C2M47-10;C2M47;0;P8_A19;1;15.368;16.039;0;01/02/2019;1;Phenoarch;0;1;0;0;0;u;NON
C2M47-11;C2M47;0;P8_A25;1;15.316;15.344;0;01/02/2019;1;Phenoarch;0;1;0;0;0;u;NON
C2M47-12;C2M47;0;P8_A31;1;15.068;14.455;0;18/01/2019;1;Phenoarch;0;1;0;0;0;u;NON
C2M47-13;C2M47;0;P1_A2;1;15.394;14.941;0;01/02/2019;1;Phenoarch;0;1;0;0;0;u;NON
C2M47-14;C2M47;0;P1_A8;1;15.526;14.383;0;01/02/2019;1;Phenoarch;0;1;0;0;0;u;NON
C2M47-15;C2M47;0;P1_A14;1;14.378;14.78;0;25/01/2019;1;Phenoarch;0;1;0;0;0;u;NON
C2M47-16;C2M47;0;P1_A20;1;15.544;15.383;0;25/01/2019;1;Phenoarch;0;1;0;0;0;u;NON
C2M47-17;C2M47;0;P1_A26;1;15.303;14.796;0;01/02/2019;1;Phenoarch;0;1;0;0;0;u;NON
C2M47-18;C2M47;0;P1_A32;1;15.442;14.543;0;25/01/2019;1;Phenoarch;0;1;0;0;0;u;NON
C2M47-19;C2M47;0;P8_A2;1;15.602;15.179;0;01/02/2019;1;Phenoarch;0;1;0;0;0;u;NON
C2M47-20;C2M47;0;P8_A8;1;15.408;15.012;0;25/01/2019;1;Phenoarch;0;1;0;0;0;u;NON
C2M47-21;C2M47;0;P8_A14;1;15.373;15.137;0;01/02/2019;1;Phenoarch;0;1;0;0;0;u;NON
C2M47-22;C2M47;0;P8_A20;1;14.868;15.386;0;18/01/2019;1;Phenoarch;0;1;0;0;0;u;NON
C2M47-23;C2M47;0;P8_A26;1;15.457;14.609;0;25/01/2019;1;Phenoarch;0;1;0;0;0;u;NON
C2M47-24;C2M47;0;P8_A32;1;15.448;15.363;0;01/02/2019;1;Phenoarch;0;1;0;0;0;u;NON
C2M47-25;C2M47;Bam1-3;P1_A3;1;14.56;15.19;68.3032;01/02/2019;1;Phenoarch;0;1;0;0;0;u;NON
C2M47-26;C2M47;Col-0;P1_A9;1;15.52;14.85;71.7648;01/02/2019;1;Phenoarch;0;1;0;0;0;u;NON
C2M47-27;C2M47;Col-0;P1_A15;1;15.59;14.92;74.093;01/02/2019;1;Phenoarch;0;1;0;0;0;u;NON
C2M47-28;C2M47;Col-0;P1_A21;1;14.64;14.44;70.8725;01/02/2019;1;Phenoarch;0;1;0;0;0;u;NON
C2M47-29;C2M47;Col-0ProStarv::LUC;P1_A27;1;14.72;15.04;71.5391;18/01/2019;1;Phenoarch;0;1;0;0;0;u;NON
C2M47-30;C2M47;Dpe2;P1_A33;1;15.51;14.35;73.4058;25/01/2019;1;Phenoarch;0;1;0;0;0;u;NON
C2M47-31;C2M47;mex1-1;P8_A3;1;15.26;15.54;70.0314;18/01/2019;1;Phenoarch;0;1;0;0;0;u;NON
C2M47-32;C2M47;isa1-1ProStarv::LUC;P8_A9;1;15.28;14.83;71.252;01/02/2019;1;Phenoarch;0;1;0;0;0;u;NON
C2M47-33;C2M47;pgm;P8_A15;1;15.23;15.23;72.1494;01/02/2019;1;Phenoarch;0;1;0;0;0;u;NON
C2M47-34;C2M47;Col-0ProStarv::LUC;P8_A21;1;15.34;15.64;70.9853;01/02/2019;1;Phenoarch;0;1;0;0;0;u;NON
C2M47-35;C2M47;abcb14-2;P8_A27;1;15.25;15.01;70.293;25/01/2019;1;Phenoarch;0;1;0;0;0;u;NON
C2M47-36;C2M47;pgm;P8_A33;1;15.04;14.88;71.8571;18/01/2019;1;Phenoarch;0;1;0;1;0;u;NON
C2M47-37;C2M47;amy3-2;P1_A4;1;15.4;15.34;70.3545;01/02/2019;1;Phenoarch;0;1;0;0;0;u;NON
C2M47-38;C2M47;Bam1;P1_A10;1;15.93;15.48;71.0007;25/01/2019;1;Phenoarch;0;1;0;0;0;u;NON
C2M47-39;C2M47;ss4-3ProStarv::LUC;P1_A16;1;15.16;14.8;70.2981;01/02/2019;1;Phenoarch;0;1;0;0;0;u;NON
C2M47-40;C2M47;amy3-2bam1;P1_A22;1;15.26;15.45;68.6571;01/02/2019;1;Phenoarch;0;1;0;0;0;u;NON
C2M47-41;C2M47;amy3-2;P1_A28;1;15.81;15.29;72.2981;01/02/2019;1;Phenoarch;0;1;0;0;0;u;NON
C2M47-42;C2M47;pgi1-1;P1_A34;1;15.03;15.33;72.3084;18/01/2019;1;Phenoarch;0;1;0;0;0;u;NON
C2M47-43;C2M47;Col-0;P8_A4;1;15.64;15.57;68.8981;25/01/2019;1;Phenoarch;0;1;0;0;0;u;NON
C2M47-44;C2M47;Dpe1;P8_A10;1;14.97;15.49;73.3699;01/02/2019;1;Phenoarch;0;1;0;0;0;u;NON
C2M47-45;C2M47;abcb14-2;P8_A16;1;14.62;15.35;71.6315;25/01/2019;1;Phenoarch;0;1;0;0;0;u;NON
C2M47-46;C2M47;mex1-1;P8_A22;1;15.65;14.55;74.0212;25/01/2019;1;Phenoarch;0;1;0;0;0;u;NON
C2M47-47;C2M47;Dpe1;P8_A28;1;15.41;14.63;73.0828;01/02/2019;1;Phenoarch;0;1;0;0;0;u;NON
C2M47-48;C2M47;Col-0;P8_A34;1;15.77;14.62;72.052;01/02/2019;1;Phenoarch;0;1;0;0;0;u;NON
C2M47-49;C2M47;Col-0ProStarv::LUC;P1_A5;1;14.48;14.54;71.7443;25/01/2019;1;Phenoarch;0;1;0;0;0;u;NON
C2M47-50;C2M47;Col-0;P1_A11;1;14.83;14.63;74.3187;18/01/2019;1;Phenoarch;0;1;0;0;0;u;NON
C2M47-51;C2M47;amy3-2;P1_A17;1;15.69;15.55;71.9648;01/02/2019;1;Phenoarch;0;1;0;0;0;u;NON
C2M47-52;C2M47;Col-0;P1_A23;1;15.49;15.45;71.9904;01/02/2019;1;Phenoarch;0;1;0;1;0;u;NON
C2M47-53;C2M47;Sex1;P1_A29;1;14.86;15.3;73.7802;01/02/2019;1;Phenoarch;0;1;0;0;0;u;NON
C2M47-54;C2M47;Bam3;P1_A35;1;14.79;15.25;69.3237;01/02/2019;1;Phenoarch;0;1;0;0;0;u;NON
C2M47-55;C2M47;pgm;P8_A5;1;14.93;14.42;73.7597;25/01/2019;1;Phenoarch;0;1;0;0;0;u;NON
C2M47-56;C2M47;Col-0;P8_A11;1;15.14;15.44;68.9237;25/01/2019;1;Phenoarch;0;1;0;0;0;u;NON
C2M47-57;C2M47;Col-0ProStarv::LUC;P8_A17;1;14.89;14.76;71.0161;25/01/2019;1;Phenoarch;0;1;0;0;0;u;NON
C2M47-58;C2M47;Col-0;P8_A23;1;15.14;14.6;72.9289;25/01/2019;1;Phenoarch;0;1;0;1;0;u;NON
C2M47-59;C2M47;Dpe1;P8_A29;1;15.28;15.35;70.293;25/01/2019;1;Phenoarch;0;1;0;0;0;u;NON
C2M47-60;C2M47;Sex1;P8_A35;1;15.44;14.83;72.1443;01/02/2019;1;Phenoarch;0;1;0;0;0;u;NON
C2M47-61;C2M47;amy3-2;P1_A6;1;14.86;15.22;71.6981;01/02/2019;1;Phenoarch;0;1;0;0;0;u;NON
C2M47-62;C2M47;Dpe2;P1_A12;1;15.48;15.39;70.8981;01/02/2019;1;Phenoarch;0;1;0;0;0;u;NON
C2M47-63;C2M47;Col-0;P1_A18;1;15.58;15.02;68.9853;01/02/2019;1;Phenoarch;0;1;0;0;0;u;NON
C2M47-64;C2M47;Col-0;P1_A24;1;14.77;14.64;70.7699;18/01/2019;1;Phenoarch;0;1;0;0;0;u;NON
C2M47-65;C2M47;Col-0ProStarv::LUC;P1_A30;1;15.62;14.08;70.3135;25/01/2019;1;Phenoarch;0;1;0;0;0;u;NON
C2M47-66;C2M47;mex1-1;P1_A36;1;15.59;15.02;70.4007;01/02/2019;1;Phenoarch;0;1;0;0;0;u;NON
C2M47-67;C2M47;Bam1-3;P8_A6;1;15.68;15.23;71.3648;25/01/2019;1;Phenoarch;0;1;0;0;0;u;NON
C2M47-68;C2M47;Bam1;P8_A12;1;15.8;14.8;69.6417;18/01/2019;1;Phenoarch;0;1;0;0;0;u;NON
C2M47-69;C2M47;ss4-3ProStarv::LUC;P8_A18;1;15.13;15.47;71.493;01/02/2019;1;Phenoarch;0;1;0;0;0;u;NON
C2M47-70;C2M47;Dpe1;P8_A24;1;15.09;14.73;70.3032;01/02/2019;1;Phenoarch;0;1;0;0;0;u;NON
C2M47-71;C2M47;Col-0;P8_A30;1;15.33;14.22;69.0109;01/02/2019;1;Phenoarch;0;1;0;0;0;u;NON
C2M47-72;C2M47;Col-0;P8_A36;1;15.95;14.46;70.6879;01/02/2019;1;Phenoarch;0;1;0;0;0;u;NON
C2M47-73;C2M47;Bam1-3;P2_A1;1;16.03;14.35;71.5391;01/02/2019;1;Phenoarch;0;1;0;0;0;u;NON
C2M47-74;C2M47;Sex1;P2_A7;1;15.52;14.87;70.175;18/01/2019;1;Phenoarch;0;1;0;0;0;u;NON
C2M47-75;C2M47;Col-0;P2_A13;1;15.02;14.38;70.6314;01/02/2019;1;Phenoarch;0;1;0;0;0;u;NON
C2M47-76;C2M47;Col-0;P2_A19;1;15.43;15.07;69.0058;25/01/2019;1;Phenoarch;0;1;0;0;0;u;NON
C2M47-77;C2M47;Col-0;P2_A25;1;16.06;14.64;72.3289;01/02/2019;1;Phenoarch;0;1;0;0;0;u;NON
C2M47-78;C2M47;isa1-1ProStarv::LUC;P2_A31;1;15.45;15.51;69.5443;01/02/2019;1;Phenoarch;0;1;0;0;0;u;NON
C2M47-79;C2M47;pgi1-1;P9_A1;1;15.28;14.95;70.8622;25/01/2019;1;Phenoarch;0;1;0;0;0;u;NON
C2M47-80;C2M47;Bam3;P9_A7;1;15.87;16.08;69.4878;25/01/2019;1;Phenoarch;0;1;0;0;0;u;NON
C2M47-81;C2M47;Dpe1;P9_A13;1;15.67;15.44;70.6314;01/02/2019;1;Phenoarch;0;1;0;0;0;u;NON
C2M47-82;C2M47;Bam3;P9_A19;1;15.45;16.13;70.4827;25/01/2019;1;Phenoarch;0;1;0;0;0;u;NON
C2M47-83;C2M47;ss4-3ProStarv::LUC;P9_A25;1;15.48;15.13;68.8673;18/01/2019;1;Phenoarch;0;1;0;0;0;u;NON
C2M47-84;C2M47;Col-0;P9_A31;1;14.62;14.81;69.8725;01/02/2019;1;Phenoarch;0;1;0;0;0;u;NON
C2M47-85;C2M47;Col-0;P2_A2;1;15.39;15.21;69.5904;01/02/2019;1;Phenoarch;0;1;0;0;0;u;NON
C2M47-86;C2M47;amy3-2;P2_A8;1;14.93;14.91;71.8212;01/02/2019;1;Phenoarch;0;1;0;0;0;u;NON
C2M47-87;C2M47;Col-0;P2_A14;1;16.07;16.13;70.1494;01/02/2019;1;Phenoarch;0;1;0;0;0;u;NON
C2M47-88;C2M47;mex1-1;P2_A20;1;15.62;14.67;70.734;25/01/2019;1;Phenoarch;0;1;0;0;0;u;NON
C2M47-89;C2M47;Bam1-3;P2_A26;1;15.02;14.95;70.5032;25/01/2019;1;Phenoarch;0;1;0;0;0;u;NON
C2M47-90;C2M47;Col-0;P2_A32;1;15.24;15.15;72.934;01/02/2019;1;Phenoarch;0;1;0;0;0;u;NON
C2M47-91;C2M47;Dpe2;P9_A2;1;15.26;14.95;68.693;01/02/2019;1;Phenoarch;0;1;0;0;0;u;NON
C2M47-92;C2M47;Sex1;P9_A8;1;15.24;15.03;71.293;25/01/2019;1;Phenoarch;0;1;0;0;0;u;NON
C2M47-93;C2M47;Col-0;P9_A14;1;15.18;15.25;70.1545;01/02/2019;1;Phenoarch;0;1;0;0;0;u;NON
C2M47-94;C2M47;abcb14-1;P9_A20;1;15.36;15.3;68.493;25/01/2019;1;Phenoarch;0;1;0;0;0;u;NON
C2M47-95;C2M47;Col-0;P9_A26;1;15.39;14.37;69.8109;18/01/2019;1;Phenoarch;0;1;0;0;0;u;NON
C2M47-96;C2M47;amy3-2;P9_A32;1;15.11;15.96;71.0109;18/01/2019;1;Phenoarch;0;1;0;0;0;u;NON
C2M47-97;C2M47;Col-0;P2_A3;1;15.01;15.59;68.8878;18/01/2019;1;Phenoarch;0;1;0;0;0;u;NON
C2M47-98;C2M47;Sex1;P2_A9;1;14.91;14.99;69.0007;25/01/2019;1;Phenoarch;0;1;0;0;0;u;NON
C2M47-99;C2M47;Col-0;P2_A15;1;16.04;15.07;68.1801;01/02/2019;1;Phenoarch;0;1;0;0;0;u;NON
C2M47-100;C2M47;ss4-3ProStarv::LUC;P2_A21;1;15.28;15.75;70.5084;25/01/2019;1;Phenoarch;0;1;0;0;0;u;NON
C2M47-101;C2M47;abcb14-1;P2_A27;1;14.95;15.79;68.1032;25/01/2019;1;Phenoarch;0;1;0;0;0;u;NON
C2M47-102;C2M47;Col-0;P2_A33;1;14.88;14.24;68.0724;01/02/2019;1;Phenoarch;0;1;0;1;0;u;NON
C2M47-103;C2M47;pgi1-1;P9_A3;1;15.16;15.34;69.8058;01/02/2019;1;Phenoarch;0;1;0;0;0;u;NON
C2M47-104;C2M47;Bam3;P9_A9;1;15.58;15.04;71.6109;25/01/2019;1;Phenoarch;0;1;0;0;0;u;NON
C2M47-105;C2M47;Col-0;P9_A15;1;15.34;14.36;65.5904;01/02/2019;1;Phenoarch;0;1;0;0;0;u;NON
C2M47-106;C2M47;amy3-2bam1;P9_A21;1;15.32;16.01;70.1135;25/01/2019;1;Phenoarch;0;1;0;0;0;u;NON
C2M47-107;C2M47;mex1-1;P9_A27;1;15.55;14.62;70.4673;01/02/2019;1;Phenoarch;0;1;0;0;0;u;NON
C2M47-108;C2M47;Bam1;P9_A33;1;16;15.49;69.5648;25/01/2019;1;Phenoarch;0;1;0;0;0;u;NON
C2M47-109;C2M47;Col-0;P2_A4;1;15.85;14.43;71.2161;18/01/2019;1;Phenoarch;0;1;0;0;0;u;NON
C2M47-110;C2M47;Col-0;P2_A10;1;15.36;14.62;67.4263;01/02/2019;1;Phenoarch;0;1;0;0;0;u;NON
C2M47-111;C2M47;abcb14-1;P2_A16;1;15.33;14.11;70.2571;25/01/2019;1;Phenoarch;0;1;0;0;0;u;NON
C2M47-112;C2M47;Bam1-3;P2_A22;1;15.23;14.18;72.3956;01/02/2019;1;Phenoarch;0;1;0;0;0;u;NON
C2M47-113;C2M47;Bam1-3;P2_A28;1;15.12;15.46;69.3443;18/01/2019;1;Phenoarch;0;1;0;0;0;u;NON
C2M47-114;C2M47;Col-0;P2_A34;1;15.43;14.52;70.2879;18/01/2019;1;Phenoarch;0;1;0;0;0;u;NON
C2M47-115;C2M47;Col-0;P9_A4;1;15.43;15.37;71.2058;25/01/2019;1;Phenoarch;0;1;0;0;0;u;NON
C2M47-116;C2M47;Dpe1;P9_A10;1;15.1;15.13;70.7648;25/01/2019;1;Phenoarch;0;1;0;0;0;u;NON
C2M47-117;C2M47;abcb14-2;P9_A16;1;15.71;15.07;70.452;01/02/2019;1;Phenoarch;0;1;0;0;0;u;NON
C2M47-118;C2M47;pgi1-1;P9_A22;1;15.44;15.74;69.7955;18/01/2019;1;Phenoarch;0;1;0;0;0;u;NON
C2M47-119;C2M47;pgm;P9_A28;1;15.73;14.84;68.4058;25/01/2019;1;Phenoarch;0;1;0;1;0;u;NON
C2M47-120;C2M47;pgm;P9_A34;1;14.79;14.41;67.3955;01/02/2019;1;Phenoarch;0;1;0;1;0;u;NON
C2M47-121;C2M47;pgm;P2_A5;1;15.16;15.1;71.375;18/01/2019;1;Phenoarch;0;1;0;0;0;u;NON
C2M47-122;C2M47;Dpe2;P2_A11;1;15.3;14.93;70.1391;01/02/2019;1;Phenoarch;0;1;0;0;0;u;NON
C2M47-123;C2M47;Bam1;P2_A17;1;14.73;14.85;71.3699;18/01/2019;1;Phenoarch;0;1;0;0;0;u;NON
C2M47-124;C2M47;amy3-2bam1;P2_A23;1;15.28;15.48;69.6827;01/02/2019;1;Phenoarch;0;1;0;0;0;u;NON
C2M47-125;C2M47;pgi1-1;P2_A29;1;15.21;15.41;67.9391;25/01/2019;1;Phenoarch;0;1;0;0;0;u;NON
C2M47-126;C2M47;Col-0;P2_A35;1;15.37;14.96;69.6622;01/02/2019;1;Phenoarch;0;1;0;0;0;u;NON
C2M47-127;C2M47;Col-0;P9_A5;1;15.34;15.32;71.0981;01/02/2019;1;Phenoarch;0;1;0;0;0;u;NON
C2M47-128;C2M47;Bam1-3;P9_A11;1;14.88;15.08;68.8263;25/01/2019;1;Phenoarch;0;1;0;0;0;u;NON
C2M47-129;C2M47;Col-0ProStarv::LUC;P9_A17;1;15.4;14.63;67.0827;18/01/2019;1;Phenoarch;0;1;0;0;0;u;NON
C2M47-130;C2M47;Bam1-3;P9_A23;1;15.52;14.29;69.5186;25/01/2019;1;Phenoarch;0;1;0;0;0;u;NON
C2M47-131;C2M47;Col-0;P9_A29;1;15.44;15.4;71.493;18/01/2019;1;Phenoarch;0;1;0;0;0;u;NON
C2M47-132;C2M47;Bam3;P9_A35;1;15.44;14.83;68.3135;01/02/2019;1;Phenoarch;0;1;0;0;0;u;NON
C2M47-133;C2M47;Sex1;P2_A6;1;15.22;14.3;69.6468;01/02/2019;1;Phenoarch;0;1;0;0;0;u;NON
C2M47-134;C2M47;Col-0;P2_A12;1;15.47;14.55;66.8212;25/01/2019;1;Phenoarch;0;1;0;0;0;u;NON
C2M47-135;C2M47;Bam3;P2_A18;1;15.67;15.22;65.8468;25/01/2019;1;Phenoarch;0;1;0;0;0;u;NON
C2M47-136;C2M47;Col-0;P2_A24;1;15.52;14.95;68.2263;01/02/2019;1;Phenoarch;0;1;0;0;0;u;NON
C2M47-137;C2M47;pgm;P2_A30;1;15.61;14.37;68.1596;01/02/2019;1;Phenoarch;0;1;0;1;0;u;NON
C2M47-138;C2M47;pgm;P2_A36;1;15.3;15.17;70.4981;01/02/2019;1;Phenoarch;0;1;0;1;0;u;NON
C2M47-139;C2M47;Dpe1;P9_A6;1;15.29;14.85;68.2109;01/02/2019;1;Phenoarch;0;1;0;0;0;u;NON
C2M47-140;C2M47;Dpe2;P9_A12;1;15.03;15.4;65.8314;01/02/2019;1;Phenoarch;0;1;0;0;0;u;NON
C2M47-141;C2M47;abcb14-2;P9_A18;1;15.54;15.66;68.2827;18/01/2019;1;Phenoarch;0;1;0;0;0;u;NON
C2M47-142;C2M47;pgm;P9_A24;1;15.51;14.6;66.1596;01/02/2019;1;Phenoarch;0;1;0;0;0;u;NON
C2M47-143;C2M47;ss4-3ProStarv::LUC;P9_A30;1;15.16;15.11;67.5289;01/02/2019;1;Phenoarch;0;1;0;0;0;u;NON
C2M47-144;C2M47;Col-0ProStarv::LUC;P9_A36;1;14.72;15.13;68.0007;01/02/2019;1;Phenoarch;0;1;0;0;0;u;NON
C2M47-145;C2M47;Sex1;P3_A1;1;14.64;15.77;71.4674;01/02/2019;1;Phenoarch;0;1;0;0;0;u;NON
C2M47-146;C2M47;Col-0;P3_A7;1;14.65;15.48;69.0263;01/02/2019;1;Phenoarch;0;1;0;0;0;u;NON
C2M47-147;C2M47;pgm;P3_A13;1;14.99;14.86;72.5648;01/02/2019;1;Phenoarch;0;1;0;0;0;u;NON
C2M47-148;C2M47;Bam1;P3_A19;1;15.45;15.48;69.1289;01/02/2019;1;Phenoarch;0;1;0;0;0;u;NON
C2M47-149;C2M47;ss4-3ProStarv::LUC;P3_A25;1;15.56;14.76;68.9494;01/02/2019;1;Phenoarch;0;1;0;0;0;u;NON
C2M47-150;C2M47;abcb14-1;P3_A31;1;14.91;14.54;70.5135;18/01/2019;1;Phenoarch;0;1;0;0;0;u;NON
C2M47-151;C2M47;abcb14-2;P10_A1;1;15.44;15.28;68.7186;25/01/2019;1;Phenoarch;0;1;0;0;0;u;NON
C2M47-152;C2M47;ss4-3ProStarv::LUC;P10_A7;1;14.85;15.51;73.3033;25/01/2019;1;Phenoarch;0;1;0;0;0;u;NON
C2M47-153;C2M47;pgm;P10_A13;1;14.93;15.56;69.8109;01/02/2019;1;Phenoarch;0;1;0;0;0;u;NON
C2M47-154;C2M47;amy3-2bam1;P10_A19;1;14.87;14.92;70.6776;01/02/2019;1;Phenoarch;0;1;0;0;0;u;NON
C2M47-155;C2M47;pgm;P10_A25;1;14.66;14.63;71.093;01/02/2019;1;Phenoarch;0;1;0;1;0;u;NON
C2M47-156;C2M47;abcb14-1;P10_A31;1;15.58;14.85;68.3237;25/01/2019;1;Phenoarch;0;1;0;0;0;u;NON
C2M47-157;C2M47;isa1-1ProStarv::LUC;P3_A2;1;14.72;15.16;70.575;01/02/2019;1;Phenoarch;0;1;0;0;0;u;NON
C2M47-158;C2M47;amy3-2bam1;P3_A8;1;15.19;15.19;70.893;25/01/2019;1;Phenoarch;0;1;0;0;0;u;NON
C2M47-159;C2M47;pgi1-1;P3_A14;1;15.42;15.02;69.2468;25/01/2019;1;Phenoarch;0;1;0;0;0;u;NON
C2M47-160;C2M47;Col-0ProStarv::LUC;P3_A20;1;14.98;14.64;70.2212;01/02/2019;1;Phenoarch;0;1;0;0;0;u;NON
C2M47-161;C2M47;Col-0;P3_A26;1;16.06;15.36;68.6725;25/01/2019;1;Phenoarch;0;1;0;0;0;u;NON
C2M47-162;C2M47;abcb14-1;P3_A32;1;14.78;15.06;70.6571;25/01/2019;1;Phenoarch;0;1;0;0;0;u;NON
C2M47-163;C2M47;abcb14-1;P10_A2;1;14.9;15.48;70.2212;01/02/2019;1;Phenoarch;0;1;0;0;0;u;NON
C2M47-164;C2M47;abcb14-2;P10_A8;1;15.99;14.31;65.2468;25/01/2019;1;Phenoarch;0;1;0;0;0;u;NON
C2M47-165;C2M47;mex1-1;P10_A14;1;14.86;15.36;67.4365;01/02/2019;1;Phenoarch;0;1;0;0;0;u;NON
C2M47-166;C2M47;abcb14-1;P10_A20;1;14.79;14.5;68.6109;01/02/2019;1;Phenoarch;0;1;0;0;0;u;NON
C2M47-167;C2M47;Col-0;P10_A26;1;14.58;15.53;66.7904;01/02/2019;1;Phenoarch;0;1;0;0;0;u;NON
C2M47-168;C2M47;abcb14-2;P10_A32;1;15.52;15.65;71.6622;01/02/2019;1;Phenoarch;0;1;0;0;0;u;NON
C2M47-169;C2M47;Col-0;P3_A3;1;15.12;14.67;69.0314;18/01/2019;1;Phenoarch;0;1;0;0;0;u;NON
C2M47-170;C2M47;Bam1;P3_A9;1;14.85;15.04;68.8776;01/02/2019;1;Phenoarch;0;1;0;0;0;u;NON
C2M47-171;C2M47;Col-0;P3_A15;1;14.58;14.34;67.4417;18/01/2019;1;Phenoarch;0;1;0;1;0;u;NON
C2M47-172;C2M47;Col-0;P3_A21;1;15.94;14.44;68.0673;01/02/2019;1;Phenoarch;0;1;0;0;0;u;NON
C2M47-173;C2M47;Col-0;P3_A27;1;14.95;14.95;68.5135;18/01/2019;1;Phenoarch;0;1;0;0;0;u;NON
C2M47-174;C2M47;mex1-1;P3_A33;1;15.1;15.04;68.5545;01/02/2019;1;Phenoarch;0;1;0;0;0;u;NON
C2M47-175;C2M47;ss4-3ProStarv::LUC;P10_A3;1;15.66;14.93;68.6673;01/02/2019;1;Phenoarch;0;1;0;0;0;u;NON
C2M47-176;C2M47;Bam3;P10_A9;1;15.08;15.28;68.8571;01/02/2019;1;Phenoarch;0;1;0;0;0;u;NON
C2M47-177;C2M47;Bam1;P10_A15;1;15.42;15.13;66.2468;25/01/2019;1;Phenoarch;0;1;0;0;0;u;NON
C2M47-178;C2M47;Bam1;P10_A21;1;14.96;15.08;69.134;01/02/2019;1;Phenoarch;0;1;0;0;0;u;NON
C2M47-179;C2M47;Col-0;P10_A27;1;15.58;15.05;64.6827;01/02/2019;1;Phenoarch;0;1;0;0;0;u;NON
C2M47-180;C2M47;Bam3;P10_A33;1;15.46;14.74;70.7853;01/02/2019;1;Phenoarch;0;1;0;0;0;u;NON
C2M47-181;C2M47;Col-0;P3_A4;1;15.69;15.45;69.2981;01/02/2019;1;Phenoarch;0;1;0;0;0;u;NON
C2M47-182;C2M47;Dpe2;P3_A10;1;15.58;15.18;67.9545;01/02/2019;1;Phenoarch;0;1;0;0;0;u;NON
C2M47-183;C2M47;pgi1-1;P3_A16;1;15.87;14.45;67.2878;01/02/2019;1;Phenoarch;0;1;0;0;0;u;NON
C2M47-184;C2M47;Col-0;P3_A22;1;15.39;14.92;69.2109;18/01/2019;1;Phenoarch;0;1;0;1;0;u;NON
C2M47-185;C2M47;Dpe2;P3_A28;1;15.16;14.99;68.9648;01/02/2019;1;Phenoarch;0;1;0;0;0;u;NON
C2M47-186;C2M47;Dpe1;P3_A34;1;15.26;14.83;68.8468;25/01/2019;1;Phenoarch;0;1;0;0;0;u;NON
C2M47-187;C2M47;isa1-1ProStarv::LUC;P10_A4;1;15.54;15.21;68.1648;25/01/2019;1;Phenoarch;0;1;0;0;0;u;NON
C2M47-188;C2M47;amy3-2bam1;P10_A10;1;15.83;15.41;70.7853;01/02/2019;1;Phenoarch;0;1;0;0;0;u;NON
C2M47-189;C2M47;Col-0;P10_A16;1;15.31;14.72;69.6827;18/01/2019;1;Phenoarch;0;1;0;0;0;u;NON
C2M47-190;C2M47;Col-0;P10_A22;1;15.62;15.55;66.3494;18/01/2019;1;Phenoarch;0;1;0;0;0;u;NON
C2M47-191;C2M47;Col-0;P10_A28;1;15.3;15.04;65.6263;01/02/2019;1;Phenoarch;0;1;0;0;0;u;NON
C2M47-192;C2M47;Col-0;P4_A32;1;15.12;14.85;70.6468;25/01/2019;1;Phenoarch;0;1;0;1;0;u;NON
C2M47-193;C2M47;pgm;P3_A5;1;15.7;14.43;65.4929;01/02/2019;1;Phenoarch;0;1;0;0;0;u;NON
C2M47-194;C2M47;Col-0;P3_A11;1;15.39;15.23;66.1904;01/02/2019;1;Phenoarch;0;1;0;0;0;u;NON
C2M47-195;C2M47;pgm;P3_A17;1;15.47;15.04;66.7596;18/01/2019;1;Phenoarch;0;1;0;1;0;u;NON
C2M47-196;C2M47;isa1-1ProStarv::LUC;P3_A23;1;15.28;15;69.8263;25/01/2019;1;Phenoarch;0;1;0;0;0;u;NON
C2M47-197;C2M47;Sex1;P3_A29;1;15.47;15.06;68.6109;25/01/2019;1;Phenoarch;0;1;0;0;0;u;NON
C2M47-198;C2M47;Col-0;P3_A35;1;15.4;15.44;69.4366;01/02/2019;1;Phenoarch;0;1;0;1;0;u;NON
C2M47-199;C2M47;Col-0;P5_A5;1;15.44;15.19;67.7904;18/01/2019;1;Phenoarch;0;1;0;0;0;u;NON
C2M47-200;C2M47;abcb14-2;P10_A11;1;15.24;15.07;66.9237;01/02/2019;1;Phenoarch;0;1;0;0;0;u;NON
C2M47-201;C2M47;amy3-2bam1;P11_A22;1;15.47;14.92;73.611;01/02/2019;1;Phenoarch;0;1;0;0;0;u;NON
C2M47-202;C2M47;Col-0;P10_A23;1;14.8;15.23;67.1699;18/01/2019;1;Phenoarch;0;1;0;0;0;u;NON
C2M47-203;C2M47;isa1-1ProStarv::LUC;P5_A30;1;15.6;14.94;66.9647;18/01/2019;1;Phenoarch;0;1;0;0;0;u;NON
C2M47-204;C2M47;isa1-1ProStarv::LUC;P10_A35;1;15.52;15.34;65.4417;25/01/2019;1;Phenoarch;0;1;0;0;0;u;NON
C2M47-205;C2M47;Col-0;P3_A6;1;14.82;14.3;68.7648;25/01/2019;1;Phenoarch;0;1;0;1;0;u;NON
C2M47-206;C2M47;isa1-1ProStarv::LUC;P11_A23;1;14.96;15.17;66.5801;25/01/2019;1;Phenoarch;0;1;0;0;0;u;NON
C2M47-207;C2M47;amy3-2;P3_A18;1;15.39;14.4;70.8007;25/01/2019;1;Phenoarch;0;1;0;0;0;u;NON
C2M47-208;C2M47;pgm;P4_A22;1;15.59;14.48;69.7135;25/01/2019;1;Phenoarch;0;1;0;1;0;u;NON
C2M47-209;C2M47;amy3-2;P3_A30;1;15.41;14.76;69.2212;18/01/2019;1;Phenoarch;0;1;0;0;0;u;NON
C2M47-210;C2M47;amy3-2bam1;P12_A15;1;15.51;15.03;74.4623;25/01/2019;1;Phenoarch;0;1;0;0;0;u;NON
C2M47-211;C2M47;pgi1-1;P10_A6;1;15.03;14.56;69.4468;01/02/2019;1;Phenoarch;0;1;0;0;0;u;NON
C2M47-212;C2M47;Col-0;P10_A34;1;15.71;14.44;71.4468;01/02/2019;1;Phenoarch;0;1;0;0;0;u;NON
C2M47-213;C2M47;pgm;P10_A18;1;16.08;15.07;69.9289;25/01/2019;1;Phenoarch;0;1;0;0;0;u;NON
C2M47-214;C2M47;mex1-1;P4_A30;1;15.67;14.87;68.216;01/02/2019;1;Phenoarch;0;1;0;0;0;u;NON
C2M47-215;C2M47;Col-0;P10_A30;1;15.79;14.09;70.9186;01/02/2019;1;Phenoarch;0;1;0;0;0;u;NON
C2M47-216;C2M47;Dpe2;P4_A36;1;16.09;14.71;67.4776;25/01/2019;1;Phenoarch;0;1;0;0;0;u;NON
C2M47-217;C2M47;abcb14-1;P4_A1;1;15.12;15.46;68.1442;18/01/2019;1;Phenoarch;0;1;0;0;0;u;NON
C2M47-218;C2M47;Col-0;P4_A7;1;15.04;15.77;71.1289;01/02/2019;1;Phenoarch;0;1;0;0;0;u;NON
C2M47-219;C2M47;mex1-1;P4_A13;1;15.41;14.65;70.0622;25/01/2019;1;Phenoarch;0;1;0;0;0;u;NON
C2M47-220;C2M47;Bam1-3;P4_A19;1;15;15.4;69.8725;25/01/2019;1;Phenoarch;0;1;0;0;0;u;NON
C2M47-221;C2M47;ss4-3ProStarv::LUC;P4_A25;1;15.44;15.31;69.1955;01/02/2019;1;Phenoarch;0;1;0;0;0;u;NON
C2M47-222;C2M47;Col-0ProStarv::LUC;P4_A31;1;14.91;14.62;71.1904;01/02/2019;1;Phenoarch;0;1;0;0;0;u;NON
C2M47-223;C2M47;mex1-1;P11_A1;1;15.51;15.28;70.7238;25/01/2019;1;Phenoarch;0;1;0;0;0;u;NON
C2M47-224;C2M47;Col-0;P11_A7;1;15.11;15.35;71.8827;25/01/2019;1;Phenoarch;0;1;0;1;0;u;NON
C2M47-225;C2M47;Col-0ProStarv::LUC;P11_A13;1;15.24;15.26;67.0468;18/01/2019;1;Phenoarch;0;1;0;0;0;u;NON
C2M47-226;C2M47;Sex1;P11_A19;1;15.9;15.16;71.5443;18/01/2019;1;Phenoarch;0;1;0;0;0;u;NON
C2M47-227;C2M47;Sex1;P11_A25;1;15.28;15.19;70.6776;01/02/2019;1;Phenoarch;0;1;0;0;0;u;NON
C2M47-228;C2M47;Bam1-3;P11_A31;1;15.1;15.47;69.1443;25/01/2019;1;Phenoarch;0;1;0;0;0;u;NON
C2M47-229;C2M47;amy3-2bam1;P4_A2;1;16.05;15.31;68.6673;18/01/2019;1;Phenoarch;0;1;0;0;0;u;NON
C2M47-230;C2M47;amy3-2bam1;P4_A8;1;15.15;14.51;68.6314;01/02/2019;1;Phenoarch;0;1;0;0;0;u;NON
C2M47-231;C2M47;pgi1-1;P4_A14;1;14.88;14.85;69.3443;25/01/2019;1;Phenoarch;0;1;0;0;0;u;NON
C2M47-232;C2M47;amy3-2bam1;P4_A20;1;15.83;15.63;67.975;25/01/2019;1;Phenoarch;0;1;0;0;0;u;NON
C2M47-233;C2M47;pgm;P4_A26;1;15.73;14.92;68.2058;25/01/2019;1;Phenoarch;0;1;0;0;0;u;NON
C2M47-234;C2M47;Dpe1;P10_A12;1;15.47;15.21;68.9801;01/02/2019;1;Phenoarch;0;1;0;0;0;u;NON
C2M47-235;C2M47;isa1-1ProStarv::LUC;P11_A2;1;15.79;15.13;67.5494;01/02/2019;1;Phenoarch;0;1;0;0;0;u;NON
C2M47-236;C2M47;Col-0;P11_A8;1;15.71;14.36;67.6109;18/01/2019;1;Phenoarch;0;1;0;0;0;u;NON
C2M47-237;C2M47;Dpe2;P11_A14;1;14.71;14.22;68.934;01/02/2019;1;Phenoarch;0;1;0;0;0;u;NON
C2M47-238;C2M47;Col-0;P11_A20;1;15.61;14.65;68.2058;25/01/2019;1;Phenoarch;0;1;0;0;0;u;NON
C2M47-239;C2M47;Col-0;P11_A26;1;15.28;15.38;68.6109;18/01/2019;1;Phenoarch;0;1;0;0;0;u;NON
C2M47-240;C2M47;Bam1-3;P11_A32;1;15.19;14.65;69.4776;01/02/2019;1;Phenoarch;0;1;0;0;0;u;NON
C2M47-241;C2M47;Sex1;P4_A3;1;15.74;15.09;70.4366;01/02/2019;1;Phenoarch;0;1;0;0;0;u;NON
C2M47-242;C2M47;Col-0;P4_A9;1;15.28;14.63;69.2827;25/01/2019;1;Phenoarch;0;1;0;0;0;u;NON
C2M47-243;C2M47;Dpe2;P4_A15;1;15.67;14.41;68.4263;01/02/2019;1;Phenoarch;0;1;0;0;0;u;NON
C2M47-244;C2M47;Dpe1;P13_A28;1;15.46;14.54;68.3032;25/01/2019;1;Phenoarch;0;1;0;0;0;u;NON
C2M47-245;C2M47;amy3-2;P4_A27;1;16.19;15.24;68.7904;18/01/2019;1;Phenoarch;0;1;0;0;0;u;NON
C2M47-246;C2M47;isa1-1ProStarv::LUC;P4_A33;1;14.89;15.18;69.2417;25/01/2019;1;Phenoarch;0;1;0;0;0;u;NON
C2M47-247;C2M47;Dpe1;P11_A3;1;15.75;14.52;69.5545;18/01/2019;1;Phenoarch;0;1;0;0;0;u;NON
C2M47-248;C2M47;amy3-2bam1;P11_A9;1;14.68;15.14;67.775;18/01/2019;1;Phenoarch;0;1;0;0;0;u;NON
C2M47-249;C2M47;mex1-1;P11_A15;1;15.22;14.98;70.8725;25/01/2019;1;Phenoarch;0;1;0;0;0;u;NON
C2M47-250;C2M47;pgm;P11_A21;1;16.02;14.36;70.1596;25/01/2019;1;Phenoarch;0;1;0;0;0;u;NON
C2M47-251;C2M47;amy3-2;P11_A27;1;15.42;14.89;67.2314;01/02/2019;1;Phenoarch;0;1;0;0;0;u;NON
C2M47-252;C2M47;Bam1-3;P11_A33;1;15.28;15.2;68.9237;01/02/2019;1;Phenoarch;0;1;0;0;0;u;NON
C2M47-253;C2M47;pgm;P4_A4;1;16.01;15.58;69.3032;01/02/2019;1;Phenoarch;0;1;0;1;0;u;NON
C2M47-254;C2M47;Bam1;P4_A10;1;15.25;14.84;68.4263;25/01/2019;1;Phenoarch;0;1;0;0;0;u;NON
C2M47-255;C2M47;Bam1-3;P4_A16;1;15.2;14.85;67.7391;18/01/2019;1;Phenoarch;0;1;0;0;0;u;NON
C2M47-256;C2M47;Dpe1;P3_A24;1;15.51;14.36;66.3494;18/01/2019;1;Phenoarch;0;1;0;0;0;u;NON
C2M47-257;C2M47;Bam3;P4_A28;1;15.03;15.52;66.7032;25/01/2019;1;Phenoarch;0;1;0;0;0;u;NON
C2M47-258;C2M47;amy3-2;P4_A34;1;14.79;15.31;69.3648;25/01/2019;1;Phenoarch;0;1;0;0;0;u;NON
C2M47-259;C2M47;amy3-2;P11_A4;1;14.64;14.41;66.6981;25/01/2019;1;Phenoarch;0;1;0;0;0;u;NON
C2M47-260;C2M47;pgm;P11_A10;1;15.56;14.34;68.3904;01/02/2019;1;Phenoarch;0;1;0;1;0;u;NON
C2M47-261;C2M47;Bam1;P11_A16;1;15.36;15.27;72.6058;01/02/2019;1;Phenoarch;0;1;0;0;0;u;NON
C2M47-262;C2M47;Dpe1;P10_A17;1;15.33;14.69;70.2366;18/01/2019;1;Phenoarch;0;1;0;0;0;u;NON
C2M47-263;C2M47;pgm;P11_A28;1;15.22;14.92;71.5033;01/02/2019;1;Phenoarch;0;1;0;1;0;u;NON
C2M47-264;C2M47;abcb14-1;P11_A34;1;14.78;14.31;70.0263;01/02/2019;1;Phenoarch;0;1;0;0;0;u;NON
C2M47-265;C2M47;abcb14-2;P4_A5;1;15.15;14.61;68.1494;18/01/2019;1;Phenoarch;0;1;0;0;0;u;NON
C2M47-266;C2M47;Bam1-3;P4_A11;1;14.89;15.07;65.9647;18/01/2019;1;Phenoarch;0;1;0;0;0;u;NON
C2M47-267;C2M47;Bam1;P4_A17;1;15.33;15.02;71.8827;18/01/2019;1;Phenoarch;0;1;0;0;0;u;NON
C2M47-268;C2M47;pgi1-1;P4_A23;1;15.34;14.94;71.7956;18/01/2019;1;Phenoarch;0;1;0;0;0;u;NON
C2M47-269;C2M47;mex1-1;P4_A29;1;14.6;14.64;69.1545;01/02/2019;1;Phenoarch;0;1;0;0;0;u;NON
C2M47-270;C2M47;Dpe2;P4_A35;1;14.97;14.05;69.8673;01/02/2019;1;Phenoarch;0;1;0;0;0;u;NON
C2M47-271;C2M47;Sex1;P11_A5;1;15.73;15.43;70.2417;01/02/2019;1;Phenoarch;0;1;0;0;0;u;NON
C2M47-272;C2M47;pgm;P11_A11;1;15.83;15.48;74.0879;25/01/2019;1;Phenoarch;0;1;0;0;0;u;NON
C2M47-273;C2M47;pgi1-1;P11_A17;1;14.79;14.08;67.3391;25/01/2019;1;Phenoarch;0;1;0;0;0;u;NON
C2M47-274;C2M47;Dpe2;P3_A12;1;14.73;15.38;69.0622;01/02/2019;1;Phenoarch;0;1;0;0;0;u;NON
C2M47-275;C2M47;Col-0;P11_A29;1;15.37;14.44;73.1597;25/01/2019;1;Phenoarch;0;1;0;0;0;u;NON
C2M47-276;C2M47;Col-0;P11_A35;1;15.64;15.36;70.6109;25/01/2019;1;Phenoarch;0;1;0;0;0;u;NON
C2M47-277;C2M47;abcb14-1;P4_A6;1;15.72;14.72;71.0007;01/02/2019;1;Phenoarch;0;1;0;0;0;u;NON
C2M47-278;C2M47;pgi1-1;P4_A12;1;14.88;15.32;73.3494;01/02/2019;1;Phenoarch;0;1;0;0;0;u;NON
C2M47-279;C2M47;mex1-1;P4_A18;1;14.68;15.03;70.1391;01/02/2019;1;Phenoarch;0;1;0;0;0;u;NON
C2M47-280;C2M47;pgm;P4_A24;1;15.59;15.24;69.9032;01/02/2019;1;Phenoarch;0;1;0;1;0;u;NON
C2M47-281;C2M47;Dpe1;P10_A36;1;15.27;14.5;71.8212;25/01/2019;1;Phenoarch;0;1;0;0;0;u;NON
C2M47-282;C2M47;Dpe2;P10_A24;1;14.9;14.91;70.9904;18/01/2019;1;Phenoarch;0;1;0;0;0;u;NON
C2M47-283;C2M47;Bam3;P11_A6;1;15.3;14.23;71.6109;18/01/2019;1;Phenoarch;0;1;0;0;0;u;NON
C2M47-284;C2M47;Bam1;P11_A12;1;15.09;14.67;72.5956;25/01/2019;1;Phenoarch;0;1;0;0;0;u;NON
C2M47-285;C2M47;Col-0ProStarv::LUC;P11_A18;1;15.06;14.7;71.3904;01/02/2019;1;Phenoarch;0;1;0;0;0;u;NON
C2M47-286;C2M47;pgm;P11_A24;1;15.6;14.54;70.293;01/02/2019;1;Phenoarch;0;1;0;0;0;u;NON
C2M47-287;C2M47;abcb14-1;P11_A30;1;14.92;15.42;68.3237;25/01/2019;1;Phenoarch;0;1;0;0;0;u;NON
C2M47-288;C2M47;Col-0;P11_A36;1;14.98;15.12;71.1802;18/01/2019;1;Phenoarch;0;1;0;1;0;u;NON
C2M47-289;C2M47;pgm;P5_A1;1;15.36;14.6;71.4725;01/02/2019;1;Phenoarch;0;1;0;0;0;u;NON
C2M47-290;C2M47;Sex1;P5_A7;1;15.81;15.1;70.6673;01/02/2019;1;Phenoarch;0;1;0;0;0;u;NON
C2M47-291;C2M47;Sex1;P5_A13;1;15.81;14.27;69.534;25/01/2019;1;Phenoarch;0;1;0;0;0;u;NON
C2M47-292;C2M47;mex1-1;P5_A19;1;15.21;15.12;69.2622;18/01/2019;1;Phenoarch;0;1;0;0;0;u;NON
C2M47-293;C2M47;Col-0;P5_A25;1;15.61;16.08;69.175;01/02/2019;1;Phenoarch;0;1;0;0;0;u;NON
C2M47-294;C2M47;abcb14-2;P5_A31;1;15.79;14.84;71.1802;01/02/2019;1;Phenoarch;0;1;0;0;0;u;NON
C2M47-295;C2M47;Col-0;P12_A1;1;16.19;15.35;71.4161;01/02/2019;1;Phenoarch;0;1;0;0;0;u;NON
C2M47-296;C2M47;ss4-3ProStarv::LUC;P12_A7;1;15.39;14.9;66.6776;01/02/2019;1;Phenoarch;0;1;0;0;0;u;NON
C2M47-297;C2M47;ss4-3ProStarv::LUC;P12_A13;1;15.38;14.51;69.9699;25/01/2019;1;Phenoarch;0;1;0;0;0;u;NON
C2M47-298;C2M47;abcb14-2;P12_A19;1;15.5;15.35;71.8725;25/01/2019;1;Phenoarch;0;1;0;0;0;u;NON
C2M47-299;C2M47;Bam1-3;P12_A25;1;15.69;15.32;71.2776;01/02/2019;1;Phenoarch;0;1;0;0;0;u;NON
C2M47-300;C2M47;amy3-2bam1;P12_A31;1;15.78;15.1;69.3391;18/01/2019;1;Phenoarch;0;1;0;0;0;u;NON
C2M47-301;C2M47;isa1-1ProStarv::LUC;P5_A2;1;15.53;15.19;71.8468;25/01/2019;1;Phenoarch;0;1;0;0;0;u;NON
C2M47-302;C2M47;amy3-2;P5_A8;1;14.75;15.21;71.7443;18/01/2019;1;Phenoarch;0;1;0;0;0;u;NON
C2M47-303;C2M47;amy3-2;P5_A14;1;14.81;15.48;72.4827;25/01/2019;1;Phenoarch;0;1;0;0;0;u;NON
C2M47-304;C2M47;Bam1;P5_A20;1;15.76;15.28;71.2109;01/02/2019;1;Phenoarch;0;1;0;0;0;u;NON
C2M47-305;C2M47;Bam3;P5_A26;1;15.66;14.46;69.0827;25/01/2019;1;Phenoarch;0;1;0;0;0;u;NON
C2M47-306;C2M47;pgm;P5_A32;1;14.86;15.07;70.5802;01/02/2019;1;Phenoarch;0;1;0;1;0;u;NON
C2M47-307;C2M47;mex1-1;P12_A2;1;15.18;14.53;71.8776;01/02/2019;1;Phenoarch;0;1;0;0;0;u;NON
C2M47-308;C2M47;amy3-2bam1;P12_A8;1;15.24;14.5;72.7494;01/02/2019;1;Phenoarch;0;1;0;0;0;u;NON
C2M47-309;C2M47;Col-0;P12_A14;1;14.88;14.93;71.1391;01/02/2019;1;Phenoarch;0;1;0;0;0;u;NON
C2M47-310;C2M47;abcb14-2;P12_A20;1;14.91;14.33;72.1751;01/02/2019;1;Phenoarch;0;1;0;0;0;u;NON
C2M47-311;C2M47;amy3-2bam1;P12_A26;1;15.68;14.16;69.3596;01/02/2019;1;Phenoarch;0;1;0;0;0;u;NON
C2M47-312;C2M47;pgm;P12_A32;1;15.07;15.11;69.2519;01/02/2019;1;Phenoarch;0;1;0;1;0;u;NON
C2M47-313;C2M47;abcb14-1;P5_A3;1;15.22;15.72;70.6468;25/01/2019;1;Phenoarch;0;1;0;0;0;u;NON
C2M47-314;C2M47;abcb14-1;P5_A9;1;14.92;15.27;74.1392;25/01/2019;1;Phenoarch;0;1;0;0;0;u;NON
C2M47-315;C2M47;Bam3;P5_A15;1;15.78;15.95;70.5084;01/02/2019;1;Phenoarch;0;1;0;0;0;u;NON
C2M47-316;C2M47;Sex1;P5_A21;1;15.71;15.35;71.3186;01/02/2019;1;Phenoarch;0;1;0;0;0;u;NON
C2M47-317;C2M47;abcb14-1;P5_A27;1;15.47;14.47;69.4212;18/01/2019;1;Phenoarch;0;1;0;0;0;u;NON
C2M47-318;C2M47;Col-0ProStarv::LUC;P5_A33;1;14.73;14.4;71.1186;01/02/2019;1;Phenoarch;0;1;0;0;0;u;NON
C2M47-319;C2M47;Col-0;P13_A21;1;15.75;14.66;71.0776;18/01/2019;1;Phenoarch;0;1;0;0;0;u;NON
C2M47-320;C2M47;isa1-1ProStarv::LUC;P12_A9;1;14.81;14.42;70.4673;01/02/2019;1;Phenoarch;0;1;0;0;0;u;NON
C2M47-321;C2M47;Dpe2;P3_A36;1;15.52;15.43;68.7084;25/01/2019;1;Phenoarch;0;1;0;0;0;u;NON
C2M47-322;C2M47;Dpe2;P12_A21;1;16.02;14.75;70.4981;01/02/2019;1;Phenoarch;0;1;0;0;0;u;NON
C2M47-323;C2M47;Bam1;P12_A27;1;16.15;14.6;69.1237;01/02/2019;1;Phenoarch;0;1;0;0;0;u;NON
C2M47-324;C2M47;pgm;P12_A33;1;15.6;14.6;71.6315;01/02/2019;1;Phenoarch;0;1;0;0;0;u;NON
C2M47-325;C2M47;amy3-2bam1;P5_A4;1;15.61;15.48;70.1648;18/01/2019;1;Phenoarch;0;1;0;0;0;u;NON
C2M47-326;C2M47;pgm;P5_A10;1;15.42;14.84;71.3443;01/02/2019;1;Phenoarch;0;1;0;1;0;u;NON
C2M47-327;C2M47;pgi1-1;P5_A16;1;14.8;14.81;68.4519;25/01/2019;1;Phenoarch;0;1;0;0;0;u;NON
C2M47-328;C2M47;abcb14-1;P5_A22;1;15.33;15.44;70.6366;25/01/2019;1;Phenoarch;0;1;0;0;0;u;NON
C2M47-329;C2M47;pgi1-1;P5_A28;1;15.75;15.04;71.734;25/01/2019;1;Phenoarch;0;1;0;0;0;u;NON
C2M47-330;C2M47;abcb14-2;P5_A34;1;15.08;14.48;72.5443;01/02/2019;1;Phenoarch;0;1;0;0;0;u;NON
C2M47-331;C2M47;Bam1;P12_A4;1;14.82;14.5;70.8366;18/01/2019;1;Phenoarch;0;1;0;0;0;u;NON
C2M47-332;C2M47;Col-0;P12_A10;1;15.2;15.28;70.6776;01/02/2019;1;Phenoarch;0;1;0;1;0;u;NON
C2M47-333;C2M47;Col-0ProStarv::LUC;P12_A16;1;16.07;14.8;71.2212;01/02/2019;1;Phenoarch;0;1;0;0;0;u;NON
C2M47-334;C2M47;amy3-2;P12_A22;1;14.64;14.06;66.134;01/02/2019;1;Phenoarch;0;1;0;0;0;u;NON
C2M47-335;C2M47;abcb14-2;P12_A28;1;15.59;14.36;66.7647;25/01/2019;1;Phenoarch;0;1;0;0;0;u;NON
C2M47-336;C2M47;Col-0;P12_A34;1;14.98;14.4;69.8007;25/01/2019;1;Phenoarch;0;1;0;0;0;u;NON
C2M47-337;C2M47;Bam3;P10_A5;1;14.9;14.93;70.0622;18/01/2019;1;Phenoarch;0;1;0;0;0;u;NON
C2M47-338;C2M47;pgi1-1;P5_A11;1;15.79;14.34;68.293;25/01/2019;1;Phenoarch;0;1;0;0;0;u;NON
C2M47-339;C2M47;Col-0;P5_A17;1;15.78;14.9;69.3084;25/01/2019;1;Phenoarch;0;1;0;1;0;u;NON
C2M47-340;C2M47;abcb14-2;P5_A23;1;15.76;14.22;69.1289;01/02/2019;1;Phenoarch;0;1;0;0;0;u;NON
C2M47-341;C2M47;pgm;P5_A29;1;15.35;14.52;67.3135;01/02/2019;1;Phenoarch;0;1;0;0;0;u;NON
C2M47-342;C2M47;Col-0;P5_A35;1;15.12;14.98;68.9596;25/01/2019;1;Phenoarch;0;1;0;0;0;u;NON
C2M47-343;C2M47;pgm;P12_A5;1;16.02;15.28;71.1699;01/02/2019;1;Phenoarch;0;1;0;0;0;u;NON
C2M47-344;C2M47;isa1-1ProStarv::LUC;P12_A11;1;16.17;14.88;71.7238;01/02/2019;1;Phenoarch;0;1;0;0;0;u;NON
C2M47-345;C2M47;ss4-3ProStarv::LUC;P12_A17;1;15.6;15.43;74.6982;25/01/2019;1;Phenoarch;0;1;0;0;0;u;NON
C2M47-346;C2M47;Bam1;P12_A23;1;16.02;15.23;67.5289;25/01/2019;1;Phenoarch;0;1;0;0;0;u;NON
C2M47-347;C2M47;Col-0ProStarv::LUC;P12_A29;1;15.02;14.63;69.6725;25/01/2019;1;Phenoarch;0;1;0;0;0;u;NON
C2M47-348;C2M47;abcb14-2;P12_A35;1;15.34;14.44;71.0007;01/02/2019;1;Phenoarch;0;1;0;0;0;u;NON
C2M47-349;C2M47;mex1-1;P5_A6;1;15.91;14.88;70.3391;01/02/2019;1;Phenoarch;0;1;0;0;0;u;NON
C2M47-350;C2M47;Col-0;P13_A33;1;15.46;15;72.6417;01/02/2019;1;Phenoarch;0;1;0;0;0;u;NON
C2M47-351;C2M47;Bam3;P5_A18;1;15.74;14.76;71.4109;01/02/2019;1;Phenoarch;0;1;0;0;0;u;NON
C2M47-352;C2M47;Dpe1;P5_A24;1;15.28;15.07;69.3853;25/01/2019;1;Phenoarch;0;1;0;0;0;u;NON
C2M47-353;C2M47;Dpe2;P10_A29;1;15.68;14.71;69.216;18/01/2019;1;Phenoarch;0;1;0;0;0;u;NON
C2M47-354;C2M47;Col-0;P5_A36;1;15.72;15.51;70.1904;01/02/2019;1;Phenoarch;0;1;0;1;0;u;NON
C2M47-355;C2M47;pgm;P12_A6;1;15.29;14.44;71.0366;01/02/2019;1;Phenoarch;0;1;0;1;0;u;NON
C2M47-356;C2M47;Col-0;P12_A12;1;16;15.67;71.2263;01/02/2019;1;Phenoarch;0;1;0;1;0;u;NON
C2M47-357;C2M47;isa1-1ProStarv::LUC;P12_A18;1;15.26;14.68;71.534;01/02/2019;1;Phenoarch;0;1;0;0;0;u;NON
C2M47-358;C2M47;isa1-1ProStarv::LUC;P12_A24;1;15.35;14.93;72.693;01/02/2019;1;Phenoarch;0;1;0;0;0;u;NON
C2M47-359;C2M47;ss4-3ProStarv::LUC;P12_A30;1;14.71;14.53;70.8417;01/02/2019;1;Phenoarch;0;1;0;0;0;u;NON
C2M47-360;C2M47;Dpe1;P12_A36;1;15.43;15.65;73.1033;01/02/2019;1;Phenoarch;0;1;0;0;0;u;NON
C2M47-361;C2M47;Sex1;P6_A1;1;15.01;15.66;76.2623;18/01/2019;1;Phenoarch;0;1;0;0;0;u;NON
C2M47-362;C2M47;ss4-3ProStarv::LUC;P6_A7;1;15.6;14.96;71.093;01/02/2019;1;Phenoarch;0;1;0;0;0;u;NON
C2M47-363;C2M47;Bam3;P6_A13;1;14.66;14.34;69.8263;01/02/2019;1;Phenoarch;0;1;0;0;0;u;NON
C2M47-364;C2M47;Col-0ProStarv::LUC;P6_A19;1;15.98;15.71;69.3545;18/01/2019;1;Phenoarch;0;1;0;0;0;u;NON
C2M47-365;C2M47;Col-0;P6_A25;1;15.8;14.69;70.9443;01/02/2019;1;Phenoarch;0;1;0;1;0;u;NON
C2M47-366;C2M47;pgi1-1;P6_A31;1;14.5;14.36;71.2417;01/02/2019;1;Phenoarch;0;1;0;0;0;u;NON
C2M47-367;C2M47;isa1-1ProStarv::LUC;P13_A1;1;15.32;14.86;70.4058;18/01/2019;1;Phenoarch;0;1;0;0;0;u;NON
C2M47-368;C2M47;Col-0;P13_A7;1;15.54;14.48;70.0058;01/02/2019;1;Phenoarch;0;1;0;0;0;u;NON
C2M47-369;C2M47;ss4-3ProStarv::LUC;P13_A13;1;15.75;14.87;70.3084;01/02/2019;1;Phenoarch;0;1;0;0;0;u;NON
C2M47-370;C2M47;Bam3;P13_A19;1;15.84;15.03;68.8827;01/02/2019;1;Phenoarch;0;1;0;0;0;u;NON
C2M47-371;C2M47;Bam1-3;P13_A25;1;15.12;15.78;69.0571;01/02/2019;1;Phenoarch;0;1;0;0;0;u;NON
C2M47-372;C2M47;amy3-2;P13_A31;1;15.92;15.27;70.6263;01/02/2019;1;Phenoarch;0;1;0;0;0;u;NON
C2M47-373;C2M47;Col-0;P13_A28;1;15.11;16.23;68.6519;01/02/2019;1;Phenoarch;0;1;0;0;0;u;NON
C2M47-374;C2M47;Col-0;P6_A8;1;14.86;16.1;68.3545;01/02/2019;1;Phenoarch;0;1;0;1;0;u;NON
C2M47-375;C2M47;Col-0ProStarv::LUC;P6_A14;1;16.18;14.61;68.3186;01/02/2019;1;Phenoarch;0;1;0;0;0;u;NON
C2M47-376;C2M47;ss4-3ProStarv::LUC;P6_A20;1;15.58;15.17;69.6622;01/02/2019;1;Phenoarch;0;1;0;0;0;u;NON
C2M47-377;C2M47;pgm;P6_A26;1;16.34;15.27;68.2058;01/02/2019;1;Phenoarch;0;1;0;0;0;u;NON
C2M47-378;C2M47;Col-0;P6_A32;1;14.93;14.64;67.0006;01/02/2019;1;Phenoarch;0;1;0;0;0;u;NON
C2M47-379;C2M47;Col-0;P13_A2;1;15.08;15.13;67.7853;01/02/2019;1;Phenoarch;0;1;0;0;0;u;NON
C2M47-380;C2M47;Col-0;P13_A8;1;15.5;14.9;66.5955;01/02/2019;1;Phenoarch;0;1;0;0;0;u;NON
C2M47-381;C2M47;Col-0;P13_A14;1;15.19;15.09;68.0314;18/01/2019;1;Phenoarch;0;1;0;0;0;u;NON
C2M47-382;C2M47;Col-0;P13_A20;1;15.84;14.52;66.5494;01/02/2019;1;Phenoarch;0;1;0;0;0;u;NON
C2M47-383;C2M47;Col-0;P13_A26;1;14.97;15.08;67.7391;18/01/2019;1;Phenoarch;0;1;0;0;0;u;NON
C2M47-384;C2M47;Col-0;P13_A32;1;16.2;15.25;66.5699;18/01/2019;1;Phenoarch;0;1;0;0;0;u;NON
C2M47-385;C2M47;pgm;P6_A3;1;15.93;15.18;69.2776;18/01/2019;1;Phenoarch;0;1;0;0;0;u;NON
C2M47-386;C2M47;Col-0;P6_A9;1;15.59;15.78;69.0725;18/01/2019;1;Phenoarch;0;1;0;0;0;u;NON
C2M47-387;C2M47;Col-0;P6_A15;1;15.86;14.95;66.493;18/01/2019;1;Phenoarch;0;1;0;0;0;u;NON
C2M47-388;C2M47;pgm;P6_A33;1;15.02;15.38;69.7135;18/01/2019;1;Phenoarch;0;1;0;0;0;u;NON
C2M47-389;C2M47;Col-0;P6_A28;1;15.85;14.64;67.8724;18/01/2019;1;Phenoarch;0;1;0;0;0;u;NON
C2M47-390;C2M47;Col-0;P6_A21;1;15.03;14.41;69.4314;18/01/2019;1;Phenoarch;0;1;0;0;0;u;NON
C2M47-391;C2M47;pgm;P13_A4;1;15.39;14.37;70.2776;18/01/2019;1;Phenoarch;0;1;0;0;0;u;NON
C2M47-392;C2M47;Col-0;P13_A9;1;15.13;15.01;71.1597;18/01/2019;1;Phenoarch;0;1;0;0;0;u;NON
C2M47-393;C2M47;Col-0;P13_A15;1;14.76;15.33;67.575;18/01/2019;1;Phenoarch;0;1;0;0;0;u;NON
C2M47-394;C2M47;Col-0;P12_A3;1;15.39;14.82;68.1801;18/01/2019;1;Phenoarch;0;1;0;0;0;u;NON
C2M47-395;C2M47;Col-0;P13_A27;1;15.68;15.36;68.7084;18/01/2019;1;Phenoarch;0;1;0;0;0;u;NON
C2M47-396;C2M47;Col-0;P5_A12;1;15.97;15.73;68.8314;18/01/2019;1;Phenoarch;0;1;0;0;0;u;NON
C2M47-397;C2M47;Col-0;P6_A4;1;15.88;13.13;67.3801;18/01/2019;1;Phenoarch;0;1;0;0;0;u;NON
C2M47-398;C2M47;Col-0;P6_A10;1;15.14;14.65;69.0263;18/01/2019;1;Phenoarch;0;1;0;0;0;u;NON
C2M47-399;C2M47;Col-0;P6_A16;1;15.52;15.31;69.2263;18/01/2019;1;Phenoarch;0;1;0;0;0;u;NON
C2M47-400;C2M47;Col-0;P6_A22;1;15.71;14.47;71.2725;18/01/2019;1;Phenoarch;0;1;0;0;0;u;NON
C2M47-401;C2M47;Col-0;P6_A27;1;15.1;14.76;71.2161;18/01/2019;1;Phenoarch;0;1;0;0;0;u;NON
C2M47-402;C2M47;Col-0;P6_A34;1;15.32;15.38;69.9802;18/01/2019;1;Phenoarch;0;1;0;0;0;u;NON
C2M47-403;C2M47;Col-0;P13_A3;1;15.21;15.38;69.0981;18/01/2019;1;Phenoarch;0;1;0;0;0;u;NON
C2M47-404;C2M47;Col-0;P13_A10;1;15.84;15.58;68.4725;18/01/2019;1;Phenoarch;0;1;0;0;0;u;NON
C2M47-405;C2M47;pgm;P13_A16;1;15.34;15.19;70.8827;18/01/2019;1;Phenoarch;0;1;0;0;0;u;NON
C2M47-406;C2M47;Col-0;P13_A22;1;14.83;14.25;69.1289;18/01/2019;1;Phenoarch;0;1;0;0;0;u;NON
C2M47-407;C2M47;Col-0;P6_A2;1;15.19;14.12;69.5443;18/01/2019;1;Phenoarch;0;1;0;0;0;u;NON
C2M47-408;C2M47;Col-0;P6_A11;1;15.89;15.37;67.9801;18/01/2019;1;Phenoarch;0;1;0;0;0;u;NON
C2M47-409;C2M47;Col-0;P6_A5;1;15.48;14.66;71.3135;18/01/2019;1;Phenoarch;0;1;0;0;0;u;NON
C2M47-410;C2M47;Col-0;P13_A34;1;15;14.96;69.5237;18/01/2019;1;Phenoarch;0;1;0;0;0;u;NON
C2M47-411;C2M47;Col-0;P6_A17;1;14.72;15.14;68.4981;18/01/2019;1;Phenoarch;0;1;0;0;0;u;NON
C2M47-412;C2M47;inconnu;P6_A23;;;;;;;Balsera;;;;;;u;NON
C2M47-413;C2M47;inconnu;P6_A29;;;;;;;Balsera;;;;;;u;NON
C2M47-414;C2M47;inconnu;P6_A35;;;;;;;Balsera;;;;;;u;NON
C2M47-415;C2M47;inconnu;P13_A5;;;;;;;Balsera;;;;;;u;NON
C2M47-416;C2M47;inconnu;P13_A11;;;;;;;Balsera;;;;;;u;NON
C2M47-417;C2M47;inconnu;P13_A17;;;;;;;Balsera;;;;;;u;NON
C2M47-418;C2M47;inconnu;P13_A23;;;;;;;Balsera;;;;;;u;NON
C2M47-419;C2M47;inconnu;P13_A29;;;;;;;Balsera;;;;;;u;NON
C2M47-420;C2M47;inconnu;P13_A35;;;;;;;Balsera;;;;;;u;NON
C2M47-421;C2M47;inconnu;P6_A6;;;;;;;Balsera;;;;;;u;NON
C2M47-422;C2M47;inconnu;P6_A12;;;;;;;Balsera;;;;;;u;NON
C2M47-423;C2M47;inconnu;P6_A18;;;;;;;Balsera;;;;;;u;NON
C2M47-424;C2M47;inconnu;P6_A24;;;;;;;Balsera;;;;;;u;NON
C2M47-425;C2M47;inconnu;P6_A30;;;;;;;Balsera;;;;;;u;NON
C2M47-426;C2M47;inconnu;P6_A36;;;;;;;Balsera;;;;;;u;NON
C2M47-427;C2M47;inconnu;P13_A6;;;;;;;Balsera;;;;;;u;NON
C2M47-428;C2M47;inconnu;P13_A12;;;;;;;Balsera;;;;;;u;NON
C2M47-429;C2M47;inconnu;P13_A18;;;;;;;Balsera;;;;;;u;NON
C2M47-430;C2M47;inconnu;P13_A24;;;;;;;Balsera;;;;;;u;NON
C2M47-431;C2M47;inconnu;P13_A30;;;;;;;Balsera;;;;;;u;NON
C2M47-432;C2M47;inconnu;P13_A36;;;;;;;Balsera;;;;;;u;NON
C2M47-433;C2M47;inconnu;P7_A1;;;;;;;Balsera;;;;;;u;NON
C2M47-434;C2M47;inconnu;P7_A7;;;;;;;Balsera;;;;;;u;NON
C2M47-435;C2M47;inconnu;P7_A13;;;;;;;Balsera;;;;;;u;NON
C2M47-436;C2M47;inconnu;P7_A19;;;;;;;Balsera;;;;;;u;NON
C2M47-437;C2M47;inconnu;P7_A25;;;;;;;Balsera;;;;;;u;NON
C2M47-438;C2M47;inconnu;P7_A31;;;;;;;Balsera;;;;;;u;NON
